,coins
0,BNB
1,SOL
2,USDC
3,XRP
4,TRX
5,TON
6,ADA
7,AVAX
8,SHIB
9,LINK
10,BCH
11,DOT
12,NEAR
13,APT
14,SUI
15,LTC
16,TAO
17,ICP
18,FET
19,MNT
20,HBAR
21,VET
22,SEI
23,GRT
24,POPCAT
25,THETA
26,JUP
27,WLD
28,PYTH
29,OM
30,AR
31,HNT
32,KCS
33,ONDO
34,ENA
35,ALGO
36,LDO
37,MKR
38,JASMY
39,FLOW
40,AXS
41,QNT
42,AERO
43,DYDX
44,PENDLE
45,W
46,FLR
47,USDD
48,ORDI
49,EOS
50,NEO
51,EGLD
52,CFX
53,XTZ
54,MINA
55,XEC
56,CHZ
57,RAY
58,SUPER
59,CKB
60,SAND
61,EIGEN
62,PYUSD
63,ZEC
64,MANA
65,ENS
66,ZK
67,PAXG
68,AIOZ
69,CAKE
70,BLUR
71,SNX
72,DEXE
73,TUSD
74,ASTR
75,TWT
76,LPT
77,CELO
78,ZRO
79,IOTA
80,NFT
81,TFUEL
82,XDC
83,COMP
84,KAVA
85,ENJ
86,IOTX
87,GMT
88,ARKM
89,DOGS
90,WOO
91,DYM
92,RSR
93,SFP
94,1INCH
95,AMP
96,ETHFI
97,AEVO
98,GLM
99,WEMIX
100,CRV
101,ZETA
102,ZRX
103,KSM
104,ZIL
105,MANTA
106,JST
107,DASH
108,JTO
109,LUNA
110,ANKR
111,GAS
112,ELF
113,METIS
114,QTUM
115,BAT
116,SSV
117,SCR
118,RVN
119,RPL
120,HMSTR
121,T
122,PONKE
123,UMA
124,POLYX
125,TURBO
126,BDX
127,MPLX
128,ROOT
129,AVAIL
130,MASK
131,CYBER
132,SEAM
133,MNDE
134,TST
135,ARX
136,WSDM
137,MASK
138,LPOOL
139,SHIB
140,TRUF
141,TRU
142,PBUX
143,GAS
144,HLG
145,STAMP
147,FINC
148,DBR
150,MXM
151,SHIB
152,SUPER
153,AERO
154,SATS
155,OMNI
156,TIME
157,OSMO
158,ZETA
159,BTC
160,XMR
161,ETH
